{
  "anonymous_hero": {
    "balance": 52.330000000000005,
    "last_refill": 1766088220.4465277
  }
}